asset_key,strings_xml_key
cue_breathe_in,meditation_cue_breathe_in
cue_breathe_out,meditation_cue_breathe_out
cue_hold,meditation_cue_hold
cue_arrive,meditation_cue_arrive
cue_release,meditation_cue_release
settle_coach_1,meditation_settle_coach1
settle_coach_2,meditation_settle_coach2
settle_coach_3,meditation_settle_coach3
integrate_coach_1,meditation_integrate_coach1
integrate_coach_2,meditation_integrate_coach2
integrate_coach_3,meditation_integrate_coach3
coherent_coach_1,meditation_tech_coherent_coach1
coherent_coach_2,meditation_tech_coherent_coach2
coherent_coach_3,meditation_tech_coherent_coach3
extended_exhale_coach_1,meditation_tech_exhale_coach1
extended_exhale_coach_2,meditation_tech_exhale_coach2
extended_exhale_coach_3,meditation_tech_exhale_coach3
box_breathing_coach_1,meditation_tech_box_coach1
box_breathing_coach_2,meditation_tech_box_coach2
box_breathing_coach_3,meditation_tech_box_coach3
relaxation_478_coach_1,meditation_tech_478_coach1
relaxation_478_coach_2,meditation_tech_478_coach2
relaxation_478_coach_3,meditation_tech_478_coach3
belly_natural_coach_1,meditation_tech_belly_coach1
belly_natural_coach_2,meditation_tech_belly_coach2
belly_natural_coach_3,meditation_tech_belly_coach3
body_scan_natural_coach_1,meditation_tech_scan_coach1
body_scan_natural_coach_2,meditation_tech_scan_coach2
body_scan_natural_coach_3,meditation_tech_scan_coach3
